health_region,radiance_mean
Te Manawa Taki,1.9213060841247498
Te Ikaroa,1.080381589762263
Te Waipounamu,0.5117612891249261
Te Tai Tokerau,0.49670419056080406
